feature,importance
Current_CTC,0.9863100823773149
Last_Appraisal_Rating_D,0.0030938650460611357
Last_Appraisal_Rating_C,0.003079333963900068
Education_Doctorate,0.002881942069904793
Education_PG,0.0004995291269282539
Last_Appraisal_Rating_Key_Performer,0.0003456260556787863
Passing_Year_Of_Graduation,0.00030878949666714465
Number_of_Publications,0.0002927828689649253
Total_Experience,0.00028195036720326925
Last_Appraisal_Rating_A,0.0002650739158108544
Inhand_Offer_Y,0.0002601014066070293
Last_Appraisal_Rating_B,0.000250737894920767
Inhand_Offer_N,0.0002490021521754097
Passing_Year_Of_PG,0.00019175546327310136
No_Of_Companies_worked,0.00014073172986940166
Education_Grad,0.00013615172107627325
Total_Experience_in_field_applied,7.67935643681121e-05
Certifications,5.352532992643874e-05
Curent_Location_Ahmedabad,5.276325714987053e-05
Industry_Aviation,4.990379083173089e-05
Preferred_location_Lucknow,4.979537467666666e-05
Role_Others,4.29346189941087e-05
Curent_Location_Kolkata,4.1874052780360004e-05
Designation_Others,3.439478997197198e-05
Education_Under Grad,3.34908981201638e-05
PG_Specialization_Mathematics,3.325851215681564e-05
PG_Specialization_Economics,3.2849720489695686e-05
Graduation_Specialization_Economics,2.9212608586203592e-05
Graduation_Specialization_Zoology,2.7740978739826353e-05
University_Grad_Delhi,2.588112173315218e-05
PG_Specialization_Others,2.5252116245282268e-05
University_Grad_Bhubaneswar,2.3101451894226487e-05
Curent_Location_Bangalore,2.1226514223872515e-05
University_Grad_Ahmedabad,2.0961468954356384e-05
Curent_Location_Lucknow,2.0076614875321993e-05
Graduation_Specialization_Sociology,2.0050785289005873e-05
PG_Specialization_Statistics,1.8270998392804082e-05
University_Grad_Jaipur,1.701424753163081e-05
Graduation_Specialization_Others,1.587954515797243e-05
Graduation_Specialization_Statistics,1.5205692986217176e-05
Preferred_location_Mumbai,1.483782652984548e-05
Preferred_location_Jaipur,1.3634220688209388e-05
Preferred_location_Surat,1.2762156946480393e-05
University_Grad_Bangalore,1.2523750566635494e-05
Department_Marketing,1.2452237217485523e-05
Graduation_Specialization_Engineering,1.196194315671959e-05
Curent_Location_Kanpur,1.1955450630917847e-05
PG_Specialization_Chemistry,1.1831149069247874e-05
Curent_Location_Surat,1.1687215743641046e-05
Preferred_location_Bangalore,1.1378330974173207e-05
University_Grad_Surat,1.1311914408868246e-05
Curent_Location_Mangalore,1.0779920484626592e-05
Graduation_Specialization_Botony,1.0629042347369461e-05
PG_Specialization_Engineering,1.030216314672163e-05
Graduation_Specialization_Mathematics,1.0158146466515604e-05
PG_Specialization_Psychology,9.832143221736955e-06
Industry_IT,9.689865188346354e-06
Preferred_location_Delhi,9.331798131416832e-06
Preferred_location_Mangalore,9.292438006238514e-06
Graduation_Specialization_Arts,9.162928023202094e-06
PG_Specialization_Arts,8.953124803305318e-06
University_Grad_Pune,8.935697089580963e-06
Curent_Location_Jaipur,8.926332907730514e-06
Preferred_location_Chennai,8.724027106436458e-06
PG_Specialization_Sociology,8.530216570142919e-06
Preferred_location_Guwahati,8.403748976559135e-06
Curent_Location_Chennai,8.14253055288854e-06
Department_Analytics/BI,8.036265106971868e-06
Curent_Location_Bhubaneswar,7.936122600086909e-06
PG_Specialization_Zoology,7.785059819516556e-06
Graduation_Specialization_Psychology,7.455771154400673e-06
Department_Top Management,7.363087179860605e-06
Preferred_location_Nagpur,6.956291799773956e-06
University_Grad_Mangalore,6.893815838195262e-06
Industry_BFSI,6.8099664331424605e-06
Role_Analyst,6.683380928045186e-06
Curent_Location_Pune,6.673790249883469e-06
Industry_Telecom,6.649512757061416e-06
Graduation_Specialization_Chemistry,6.5717192107564454e-06
Department_HR,6.532918523682137e-06
Industry_FMCG,6.529414038797212e-06
Role_Business Analyst,6.386859680113114e-06
Industry_Insurance,6.328154614735419e-06
Department_Banking,6.277920585246288e-06
Industry_Others,6.2094068071362554e-06
Curent_Location_Guwahati,6.06665632951513e-06
Preferred_location_Ahmedabad,5.823962715105223e-06
University_Grad_Lucknow,5.711241317217952e-06
PG_Specialization_Botony,5.675463292427615e-06
Preferred_location_Pune,5.568771647768713e-06
Preferred_location_Kanpur,5.396405446878681e-06
University_Grad_Nagpur,5.391084137682146e-06
Department_Others,5.370864327514905e-06
Curent_Location_Delhi,5.33266963723737e-06
Industry_Training,5.320807375949986e-06
Industry_Retail,5.218558193070863e-06
Role_Project Manager,4.967168062641863e-06
Curent_Location_Mumbai,4.851333482233452e-06
Department_Engineering,4.8370043875434084e-06
Designation_Sr.Manager,4.825749813229664e-06
Role_Sales Manager,4.801392094979272e-06
Department_Healthcare,4.73145451470351e-06
Designation_Product Manager,4.730462161094961e-06
University_Grad_Kolkata,4.6843431856220776e-06
University_Grad_Mumbai,4.622878762153449e-06
International_degree_any,4.5327254492187294e-06
Role_Bio statistician,4.322342648152551e-06
Industry_Analytics,4.309280501746142e-06
University_Grad_Guwahati,4.24769050173186e-06
Designation_Manager,4.064759764671345e-06
Preferred_location_Kolkata,4.055565759172756e-06
Department_Accounts,4.044130419696029e-06
Role_Financial Analyst,4.025128847272052e-06
Role_Team Lead,3.938759233888475e-06
Industry_Automobile,3.862403781958064e-06
Department_Sales,3.7328938852902545e-06
Role_Sales Execituve,3.576550695659818e-06
Preferred_location_Bhubaneswar,3.4868413521594873e-06
Designation_Data Analyst,3.4598063033778762e-06
Designation_Web Designer,3.437573671498072e-06
Role_Senior Researcher,3.3741820933232968e-06
Role_Consultant,3.222032440451554e-06
Department_Education,3.218277286904345e-06
Designation_HR,3.144112102633798e-06
Designation_Assistant Manager,3.140155222202436e-06
Role_CEO,3.126329528724327e-06
Designation_Marketing Manager,3.066055446501564e-06
Curent_Location_Nagpur,2.9897450790579837e-06
Designation_Consultant,2.9482546833081182e-06
Role_Scientist,2.8908055647586414e-06
Department_IT-Software,2.7541418683232933e-06
Designation_Research Analyst,2.7158756021317953e-06
Designation_Software Developer,2.6887545192821783e-06
Designation_Network Engineer,2.4232303061975967e-06
Designation_Medical Officer,2.3825954984941402e-06
Role_Head,2.3651552810214534e-06
Designation_CA,2.148928021111554e-06
Role_Principal Analyst,1.968840793809663e-06
Designation_Director,1.9508148759019832e-06
Role_Associate,1.718646931291611e-06
Role_Data scientist,1.5485958208993334e-06
Role_Area Sales Manager,9.044431196636939e-07
Designation_Research Scientist,4.839932259798578e-07
Role_Research Scientist,1.9545696755380945e-07
Role_Researcher,1.845382715987888e-07
Role_Senior Analyst,1.1716385581719991e-07
Role_Sr. Business Analyst,8.111921033737574e-08
Role_Professor,5.131964480325989e-08
Designation_Scientist,4.6429722120782845e-08
Role_Lab Executuve,1.7966015555139505e-09
